"","ICC_adjusted","ICC_conditional","ICC_unadjusted"
"1",0.00370589725385274,0.00370589725385274,0.00370589725385274
