"","xb","OPexpectation"
"xb",1,-2.85737026795318
"OPexpectation",2,0.0680000001133201
"OPvariance",3,0.0680000001475867
"OPvariance2",4,3.42665811426216e-11
"OPvariance1",5,0.0680000001133201
"OPvpc2",6,3.80626710148676e-10
"OPvpc1",7,0.999999999619373
