"","fm1urank","fm3urank"
"fm1urank",1,0.867710032571773
"fm3urank",0.867710032571773,1
